--
-- PostgreSQL database dump
--

-- Dumped from database version 14.7
-- Dumped by pg_dump version 14.7 (Homebrew)

SET statement_timeout = 0;
SET lock_timeout = 0;
SET idle_in_transaction_session_timeout = 0;
SET client_encoding = 'UTF8';
SET standard_conforming_strings = on;
SELECT pg_catalog.set_config('search_path', '', false);
SET check_function_bodies = false;
SET xmloption = content;
SET client_min_messages = warning;
SET row_security = off;

SET default_tablespace = '';

SET default_table_access_method = heap;

--
-- Name: auth_group; Type: TABLE; Schema: public; Owner: admin
--

CREATE TABLE public.auth_group (
    id integer NOT NULL,
    name character varying(150) NOT NULL
);


ALTER TABLE public.auth_group OWNER TO admin;

--
-- Name: auth_group_id_seq; Type: SEQUENCE; Schema: public; Owner: admin
--

ALTER TABLE public.auth_group ALTER COLUMN id ADD GENERATED BY DEFAULT AS IDENTITY (
    SEQUENCE NAME public.auth_group_id_seq
    START WITH 1
    INCREMENT BY 1
    NO MINVALUE
    NO MAXVALUE
    CACHE 1
);


--
-- Name: auth_group_permissions; Type: TABLE; Schema: public; Owner: admin
--

CREATE TABLE public.auth_group_permissions (
    id bigint NOT NULL,
    group_id integer NOT NULL,
    permission_id integer NOT NULL
);


ALTER TABLE public.auth_group_permissions OWNER TO admin;

--
-- Name: auth_group_permissions_id_seq; Type: SEQUENCE; Schema: public; Owner: admin
--

ALTER TABLE public.auth_group_permissions ALTER COLUMN id ADD GENERATED BY DEFAULT AS IDENTITY (
    SEQUENCE NAME public.auth_group_permissions_id_seq
    START WITH 1
    INCREMENT BY 1
    NO MINVALUE
    NO MAXVALUE
    CACHE 1
);


--
-- Name: auth_permission; Type: TABLE; Schema: public; Owner: admin
--

CREATE TABLE public.auth_permission (
    id integer NOT NULL,
    name character varying(255) NOT NULL,
    content_type_id integer NOT NULL,
    codename character varying(100) NOT NULL
);


ALTER TABLE public.auth_permission OWNER TO admin;

--
-- Name: auth_permission_id_seq; Type: SEQUENCE; Schema: public; Owner: admin
--

ALTER TABLE public.auth_permission ALTER COLUMN id ADD GENERATED BY DEFAULT AS IDENTITY (
    SEQUENCE NAME public.auth_permission_id_seq
    START WITH 1
    INCREMENT BY 1
    NO MINVALUE
    NO MAXVALUE
    CACHE 1
);


--
-- Name: django_admin_log; Type: TABLE; Schema: public; Owner: admin
--

CREATE TABLE public.django_admin_log (
    id integer NOT NULL,
    action_time timestamp with time zone NOT NULL,
    object_id text,
    object_repr character varying(200) NOT NULL,
    action_flag smallint NOT NULL,
    change_message text NOT NULL,
    content_type_id integer,
    user_id bigint NOT NULL,
    CONSTRAINT django_admin_log_action_flag_check CHECK ((action_flag >= 0))
);


ALTER TABLE public.django_admin_log OWNER TO admin;

--
-- Name: django_admin_log_id_seq; Type: SEQUENCE; Schema: public; Owner: admin
--

ALTER TABLE public.django_admin_log ALTER COLUMN id ADD GENERATED BY DEFAULT AS IDENTITY (
    SEQUENCE NAME public.django_admin_log_id_seq
    START WITH 1
    INCREMENT BY 1
    NO MINVALUE
    NO MAXVALUE
    CACHE 1
);


--
-- Name: django_content_type; Type: TABLE; Schema: public; Owner: admin
--

CREATE TABLE public.django_content_type (
    id integer NOT NULL,
    app_label character varying(100) NOT NULL,
    model character varying(100) NOT NULL
);


ALTER TABLE public.django_content_type OWNER TO admin;

--
-- Name: django_content_type_id_seq; Type: SEQUENCE; Schema: public; Owner: admin
--

ALTER TABLE public.django_content_type ALTER COLUMN id ADD GENERATED BY DEFAULT AS IDENTITY (
    SEQUENCE NAME public.django_content_type_id_seq
    START WITH 1
    INCREMENT BY 1
    NO MINVALUE
    NO MAXVALUE
    CACHE 1
);


--
-- Name: django_migrations; Type: TABLE; Schema: public; Owner: admin
--

CREATE TABLE public.django_migrations (
    id bigint NOT NULL,
    app character varying(255) NOT NULL,
    name character varying(255) NOT NULL,
    applied timestamp with time zone NOT NULL
);


ALTER TABLE public.django_migrations OWNER TO admin;

--
-- Name: django_migrations_id_seq; Type: SEQUENCE; Schema: public; Owner: admin
--

ALTER TABLE public.django_migrations ALTER COLUMN id ADD GENERATED BY DEFAULT AS IDENTITY (
    SEQUENCE NAME public.django_migrations_id_seq
    START WITH 1
    INCREMENT BY 1
    NO MINVALUE
    NO MAXVALUE
    CACHE 1
);


--
-- Name: django_session; Type: TABLE; Schema: public; Owner: admin
--

CREATE TABLE public.django_session (
    session_key character varying(40) NOT NULL,
    session_data text NOT NULL,
    expire_date timestamp with time zone NOT NULL
);


ALTER TABLE public.django_session OWNER TO admin;

--
-- Name: users_emailverification; Type: TABLE; Schema: public; Owner: admin
--

CREATE TABLE public.users_emailverification (
    id bigint NOT NULL,
    code uuid NOT NULL,
    created timestamp with time zone NOT NULL,
    expiration timestamp with time zone NOT NULL,
    user_id bigint NOT NULL
);


ALTER TABLE public.users_emailverification OWNER TO admin;

--
-- Name: users_emailverification_id_seq; Type: SEQUENCE; Schema: public; Owner: admin
--

ALTER TABLE public.users_emailverification ALTER COLUMN id ADD GENERATED BY DEFAULT AS IDENTITY (
    SEQUENCE NAME public.users_emailverification_id_seq
    START WITH 1
    INCREMENT BY 1
    NO MINVALUE
    NO MAXVALUE
    CACHE 1
);


--
-- Name: users_requestmatchverification; Type: TABLE; Schema: public; Owner: admin
--

CREATE TABLE public.users_requestmatchverification (
    id bigint NOT NULL,
    code uuid NOT NULL,
    created_at timestamp with time zone NOT NULL,
    expiration timestamp with time zone NOT NULL,
    email_sent boolean NOT NULL,
    main_user_id bigint NOT NULL,
    requested_user_id bigint NOT NULL
);


ALTER TABLE public.users_requestmatchverification OWNER TO admin;

--
-- Name: users_requestmatchverification_id_seq; Type: SEQUENCE; Schema: public; Owner: admin
--

ALTER TABLE public.users_requestmatchverification ALTER COLUMN id ADD GENERATED BY DEFAULT AS IDENTITY (
    SEQUENCE NAME public.users_requestmatchverification_id_seq
    START WITH 1
    INCREMENT BY 1
    NO MINVALUE
    NO MAXVALUE
    CACHE 1
);


--
-- Name: users_user; Type: TABLE; Schema: public; Owner: admin
--

CREATE TABLE public.users_user (
    id bigint NOT NULL,
    password character varying(128) NOT NULL,
    last_login timestamp with time zone,
    is_superuser boolean NOT NULL,
    username character varying(150) NOT NULL,
    first_name character varying(150) NOT NULL,
    last_name character varying(150) NOT NULL,
    is_staff boolean NOT NULL,
    is_active boolean NOT NULL,
    date_joined timestamp with time zone NOT NULL,
    image character varying(100),
    is_verified_email boolean NOT NULL,
    email character varying(254) NOT NULL,
    is_matched boolean NOT NULL,
    matched_user_id bigint,
    count_attempts_in_week integer NOT NULL
);


ALTER TABLE public.users_user OWNER TO admin;

--
-- Name: users_user_groups; Type: TABLE; Schema: public; Owner: admin
--

CREATE TABLE public.users_user_groups (
    id bigint NOT NULL,
    user_id bigint NOT NULL,
    group_id integer NOT NULL
);


ALTER TABLE public.users_user_groups OWNER TO admin;

--
-- Name: users_user_groups_id_seq; Type: SEQUENCE; Schema: public; Owner: admin
--

ALTER TABLE public.users_user_groups ALTER COLUMN id ADD GENERATED BY DEFAULT AS IDENTITY (
    SEQUENCE NAME public.users_user_groups_id_seq
    START WITH 1
    INCREMENT BY 1
    NO MINVALUE
    NO MAXVALUE
    CACHE 1
);


--
-- Name: users_user_id_seq; Type: SEQUENCE; Schema: public; Owner: admin
--

ALTER TABLE public.users_user ALTER COLUMN id ADD GENERATED BY DEFAULT AS IDENTITY (
    SEQUENCE NAME public.users_user_id_seq
    START WITH 1
    INCREMENT BY 1
    NO MINVALUE
    NO MAXVALUE
    CACHE 1
);


--
-- Name: users_user_user_permissions; Type: TABLE; Schema: public; Owner: admin
--

CREATE TABLE public.users_user_user_permissions (
    id bigint NOT NULL,
    user_id bigint NOT NULL,
    permission_id integer NOT NULL
);


ALTER TABLE public.users_user_user_permissions OWNER TO admin;

--
-- Name: users_user_user_permissions_id_seq; Type: SEQUENCE; Schema: public; Owner: admin
--

ALTER TABLE public.users_user_user_permissions ALTER COLUMN id ADD GENERATED BY DEFAULT AS IDENTITY (
    SEQUENCE NAME public.users_user_user_permissions_id_seq
    START WITH 1
    INCREMENT BY 1
    NO MINVALUE
    NO MAXVALUE
    CACHE 1
);


--
-- Name: users_usersmatches; Type: TABLE; Schema: public; Owner: admin
--

CREATE TABLE public.users_usersmatches (
    id bigint NOT NULL,
    created_at timestamp with time zone NOT NULL,
    user_main_id bigint NOT NULL,
    user_requested_id bigint NOT NULL
);


ALTER TABLE public.users_usersmatches OWNER TO admin;

--
-- Name: users_usermatchcreate_id_seq; Type: SEQUENCE; Schema: public; Owner: admin
--

ALTER TABLE public.users_usersmatches ALTER COLUMN id ADD GENERATED BY DEFAULT AS IDENTITY (
    SEQUENCE NAME public.users_usermatchcreate_id_seq
    START WITH 1
    INCREMENT BY 1
    NO MINVALUE
    NO MAXVALUE
    CACHE 1
);


--
-- Name: wish_wish; Type: TABLE; Schema: public; Owner: admin
--

CREATE TABLE public.wish_wish (
    id bigint NOT NULL,
    tittle character varying(256) NOT NULL,
    description text NOT NULL,
    created_at timestamp with time zone NOT NULL,
    user_id bigint NOT NULL
);


ALTER TABLE public.wish_wish OWNER TO admin;

--
-- Name: wish_wish_id_seq; Type: SEQUENCE; Schema: public; Owner: admin
--

ALTER TABLE public.wish_wish ALTER COLUMN id ADD GENERATED BY DEFAULT AS IDENTITY (
    SEQUENCE NAME public.wish_wish_id_seq
    START WITH 1
    INCREMENT BY 1
    NO MINVALUE
    NO MAXVALUE
    CACHE 1
);


--
-- Data for Name: auth_group; Type: TABLE DATA; Schema: public; Owner: admin
--

COPY public.auth_group (id, name) FROM stdin;
\.


--
-- Data for Name: auth_group_permissions; Type: TABLE DATA; Schema: public; Owner: admin
--

COPY public.auth_group_permissions (id, group_id, permission_id) FROM stdin;
\.


--
-- Data for Name: auth_permission; Type: TABLE DATA; Schema: public; Owner: admin
--

COPY public.auth_permission (id, name, content_type_id, codename) FROM stdin;
1	Can add log entry	1	add_logentry
2	Can change log entry	1	change_logentry
3	Can delete log entry	1	delete_logentry
4	Can view log entry	1	view_logentry
5	Can add permission	2	add_permission
6	Can change permission	2	change_permission
7	Can delete permission	2	delete_permission
8	Can view permission	2	view_permission
9	Can add group	3	add_group
10	Can change group	3	change_group
11	Can delete group	3	delete_group
12	Can view group	3	view_group
13	Can add content type	4	add_contenttype
14	Can change content type	4	change_contenttype
15	Can delete content type	4	delete_contenttype
16	Can view content type	4	view_contenttype
17	Can add session	5	add_session
18	Can change session	5	change_session
19	Can delete session	5	delete_session
20	Can view session	5	view_session
21	Can add user	6	add_user
22	Can change user	6	change_user
23	Can delete user	6	delete_user
24	Can view user	6	view_user
25	Can add Верификацию	7	add_requestmatchverification
26	Can change Верификацию	7	change_requestmatchverification
27	Can delete Верификацию	7	delete_requestmatchverification
28	Can view Верификацию	7	view_requestmatchverification
29	Can add Верификацию	8	add_emailverification
30	Can change Верификацию	8	change_emailverification
31	Can delete Верификацию	8	delete_emailverification
32	Can view Верификацию	8	view_emailverification
33	Can add user match create	9	add_usermatchcreate
34	Can change user match create	9	change_usermatchcreate
35	Can delete user match create	9	delete_usermatchcreate
36	Can view user match create	9	view_usermatchcreate
37	Can add Желания	10	add_wish
38	Can change Желания	10	change_wish
39	Can delete Желания	10	delete_wish
40	Can view Желания	10	view_wish
41	Can add Активные желания	11	add_activewish
42	Can change Активные желания	11	change_activewish
43	Can delete Активные желания	11	delete_activewish
44	Can view Активные желания	11	view_activewish
45	Can add users matches	9	add_usersmatches
46	Can change users matches	9	change_usersmatches
47	Can delete users matches	9	delete_usersmatches
48	Can view users matches	9	view_usersmatches
\.


--
-- Data for Name: django_admin_log; Type: TABLE DATA; Schema: public; Owner: admin
--

COPY public.django_admin_log (id, action_time, object_id, object_repr, action_flag, change_message, content_type_id, user_id) FROM stdin;
1	2023-04-26 23:01:50.144295+03	1	admin	2	[{"changed": {"fields": ["Is verified email", "Is matched"]}}]	6	2
2	2023-04-26 23:02:11.850834+03	1	admin	2	[{"changed": {"fields": ["Is verified email", "Is matched"]}}]	6	2
3	2023-04-26 23:16:20.366539+03	5	Match verification object for domo and Roman	3		7	2
4	2023-04-26 23:16:20.368814+03	4	Match verification object for domo and admin	3		7	2
5	2023-04-26 23:16:20.370647+03	3	Match verification object for domo and admin	3		7	2
6	2023-04-26 23:16:20.372939+03	2	Match verification object for domo and domo	3		7	2
7	2023-04-26 23:16:20.374324+03	1	Match verification object for domo and admin	3		7	2
8	2023-04-26 23:38:22.091123+03	4	Roman1	3		6	2
9	2023-04-26 23:39:57.178718+03	2	domo	2	[{"changed": {"fields": ["Is verified email", "Is matched"]}}]	6	2
10	2023-04-26 23:41:45.083602+03	3	Roman	3		6	2
11	2023-04-27 22:22:23.944033+03	2	domo	2	[{"deleted": {"name": "\\u0416\\u0435\\u043b\\u0430\\u043d\\u0438\\u044f", "object": "12"}}]	6	2
12	2023-04-28 22:30:15.887328+03	1	admin	2	[{"changed": {"fields": ["Is verified email"]}}]	6	2
\.


--
-- Data for Name: django_content_type; Type: TABLE DATA; Schema: public; Owner: admin
--

COPY public.django_content_type (id, app_label, model) FROM stdin;
1	admin	logentry
2	auth	permission
3	auth	group
4	contenttypes	contenttype
5	sessions	session
6	users	user
7	users	requestmatchverification
8	users	emailverification
10	wish	wish
11	wish	activewish
9	users	usersmatches
\.


--
-- Data for Name: django_migrations; Type: TABLE DATA; Schema: public; Owner: admin
--

COPY public.django_migrations (id, app, name, applied) FROM stdin;
1	contenttypes	0001_initial	2023-04-26 22:10:02.287364+03
2	contenttypes	0002_remove_content_type_name	2023-04-26 22:10:02.298947+03
3	auth	0001_initial	2023-04-26 22:10:02.348026+03
4	auth	0002_alter_permission_name_max_length	2023-04-26 22:10:02.35765+03
5	auth	0003_alter_user_email_max_length	2023-04-26 22:10:02.365777+03
6	auth	0004_alter_user_username_opts	2023-04-26 22:10:02.37463+03
7	auth	0005_alter_user_last_login_null	2023-04-26 22:10:02.380452+03
8	auth	0006_require_contenttypes_0002	2023-04-26 22:10:02.384036+03
9	auth	0007_alter_validators_add_error_messages	2023-04-26 22:10:02.389791+03
10	auth	0008_alter_user_username_max_length	2023-04-26 22:10:02.395863+03
11	auth	0009_alter_user_last_name_max_length	2023-04-26 22:10:02.402806+03
12	auth	0010_alter_group_name_max_length	2023-04-26 22:10:02.409681+03
13	auth	0011_update_proxy_permissions	2023-04-26 22:10:02.416251+03
14	auth	0012_alter_user_first_name_max_length	2023-04-26 22:10:02.421676+03
15	users	0001_initial	2023-04-26 22:10:02.509157+03
16	admin	0001_initial	2023-04-26 22:10:02.53123+03
17	admin	0002_logentry_remove_auto_add	2023-04-26 22:10:02.544956+03
18	admin	0003_logentry_add_action_flag_choices	2023-04-26 22:10:02.557475+03
19	sessions	0001_initial	2023-04-26 22:10:02.568931+03
20	users	0002_remove_requestmatchverification_count_attempts_in_week_and_more	2023-04-26 22:40:06.658094+03
21	wish	0001_initial	2023-04-27 21:43:59.94778+03
22	wish	0002_rename_name_wish_tittle	2023-04-27 21:52:11.089603+03
23	wish	0003_activewish	2023-04-27 23:40:44.684123+03
24	users	0003_rename_usermatchcreate_usersmatches	2023-04-28 22:41:05.173659+03
\.


--
-- Data for Name: django_session; Type: TABLE DATA; Schema: public; Owner: admin
--

COPY public.django_session (session_key, session_data, expire_date) FROM stdin;
2y9xlkfjloyrot6y1ghywefr1hayjvbu	.eJxVjDsOwjAQBe_iGlnK2l4nlPScwXr2rkkAJVI-FeLuECkFtG9m3sskbGuftkXnNIg5GzKn3y2jPHTcgdwx3iZbpnGdh2x3xR50sddJ9Hk53L-DHkv_rcEgZg2o6EDkImeSwp4d-1i6nFXRNq5pK6qIQyFlaKgxSOui9-b9AfvPOJc:1prkbS:_YibvWX6noSRDdtwJVnrAyRBYCOwDWLxGkVvXB4Jbqc	2023-05-10 22:14:58.43799+03
q2n8632x6jvrm43avl2awpk4v6t8y1lh	.eJxVjDsOwjAQBe_iGlnK2l4nlPScwXr2rkkAJVI-FeLuECkFtG9m3sskbGuftkXnNIg5GzKn3y2jPHTcgdwx3iZbpnGdh2x3xR50sddJ9Hk53L-DHkv_rcEgZg2o6EDkImeSwp4d-1i6nFXRNq5pK6qIQyFlaKgxSOui9-b9AfvPOJc:1prlYc:ncS0jqul-Rj0ABz5-k_1BudgspGdjQJaBuJAQh4Zmlw	2023-05-10 23:16:06.618184+03
\.


--
-- Data for Name: users_emailverification; Type: TABLE DATA; Schema: public; Owner: admin
--

COPY public.users_emailverification (id, code, created, expiration, user_id) FROM stdin;
\.


--
-- Data for Name: users_requestmatchverification; Type: TABLE DATA; Schema: public; Owner: admin
--

COPY public.users_requestmatchverification (id, code, created_at, expiration, email_sent, main_user_id, requested_user_id) FROM stdin;
10	c9e7457c-cb8a-4820-ae97-755989ef71b3	2023-04-28 22:30:18.900972+03	2023-04-30 22:30:18.881221+03	t	2	1
\.


--
-- Data for Name: users_user; Type: TABLE DATA; Schema: public; Owner: admin
--

COPY public.users_user (id, password, last_login, is_superuser, username, first_name, last_name, is_staff, is_active, date_joined, image, is_verified_email, email, is_matched, matched_user_id, count_attempts_in_week) FROM stdin;
2	pbkdf2_sha256$600000$RX1nmroQwfthN2HxshIXX0$VFoTRPON21+0os9gz61H9GB2mr1ZKhSrGy5O4J/66Bg=	2023-04-26 23:16:06.615222+03	t	domo			t	t	2023-04-26 22:14:30.077423+03		t	domo@mail.ru	t	1	0
1	pbkdf2_sha256$600000$llkW7BHa5TpERkKg5LUnVc$lK+fok2FirPXw/ChKCT5zO7GG0rUtUM48cLPpiJEDgQ=	2023-04-26 22:14:36.584292+03	t	admin			t	t	2023-04-26 22:10:33.804773+03		t	admin@mail.ru	t	2	0
\.


--
-- Data for Name: users_user_groups; Type: TABLE DATA; Schema: public; Owner: admin
--

COPY public.users_user_groups (id, user_id, group_id) FROM stdin;
\.


--
-- Data for Name: users_user_user_permissions; Type: TABLE DATA; Schema: public; Owner: admin
--

COPY public.users_user_user_permissions (id, user_id, permission_id) FROM stdin;
\.


--
-- Data for Name: users_usersmatches; Type: TABLE DATA; Schema: public; Owner: admin
--

COPY public.users_usersmatches (id, created_at, user_main_id, user_requested_id) FROM stdin;
4	2023-04-28 22:30:23.462979+03	2	1
\.


--
-- Data for Name: wish_wish; Type: TABLE DATA; Schema: public; Owner: admin
--

COPY public.wish_wish (id, tittle, description, created_at, user_id) FROM stdin;
2	sad0	dext0	2023-04-27 22:56:28.194043+03	1
3	sad1	dext1	2023-04-27 22:56:28.203472+03	1
4	sad2	dext2	2023-04-27 22:56:28.211139+03	1
5	sad3	dext3	2023-04-27 22:56:28.216567+03	1
6	sad4	dext4	2023-04-27 22:56:28.219905+03	1
7	sad5	dext5	2023-04-27 22:56:28.224494+03	1
8	sad6	dext6	2023-04-27 22:56:28.228258+03	1
9	sad7	dext7	2023-04-27 22:56:28.232994+03	1
10	sad8	dext8	2023-04-27 22:56:28.236466+03	1
11	sad9	dext9	2023-04-27 22:56:28.239667+03	1
12	sad10	dext10	2023-04-27 22:56:28.242017+03	1
13	sad11	dext11	2023-04-27 22:56:28.244269+03	1
14	sad12	dext12	2023-04-27 22:56:28.24757+03	1
15	sad13	dext13	2023-04-27 22:56:28.249942+03	1
16	sad14	dext14	2023-04-27 22:56:28.252152+03	1
17	user20	user20	2023-04-27 22:57:13.402171+03	2
18	user21	user21	2023-04-27 22:57:13.407806+03	2
19	user22	user22	2023-04-27 22:57:13.411614+03	2
20	user23	user23	2023-04-27 22:57:13.415961+03	2
21	user24	user24	2023-04-27 22:57:13.419441+03	2
22	user25	user25	2023-04-27 22:57:13.42332+03	2
23	user26	user26	2023-04-27 22:57:13.430035+03	2
24	user27	user27	2023-04-27 22:57:13.434282+03	2
25	user28	user28	2023-04-27 22:57:13.438024+03	2
26	user29	user29	2023-04-27 22:57:13.441356+03	2
27	user210	user210	2023-04-27 22:57:13.445928+03	2
28	user211	user211	2023-04-27 22:57:13.448538+03	2
29	user212	user212	2023-04-27 22:57:13.451064+03	2
30	user213	user213	2023-04-27 22:57:13.454197+03	2
31	user214	user214	2023-04-27 22:57:13.458959+03	2
\.


--
-- Name: auth_group_id_seq; Type: SEQUENCE SET; Schema: public; Owner: admin
--

SELECT pg_catalog.setval('public.auth_group_id_seq', 1, false);


--
-- Name: auth_group_permissions_id_seq; Type: SEQUENCE SET; Schema: public; Owner: admin
--

SELECT pg_catalog.setval('public.auth_group_permissions_id_seq', 1, false);


--
-- Name: auth_permission_id_seq; Type: SEQUENCE SET; Schema: public; Owner: admin
--

SELECT pg_catalog.setval('public.auth_permission_id_seq', 48, true);


--
-- Name: django_admin_log_id_seq; Type: SEQUENCE SET; Schema: public; Owner: admin
--

SELECT pg_catalog.setval('public.django_admin_log_id_seq', 12, true);


--
-- Name: django_content_type_id_seq; Type: SEQUENCE SET; Schema: public; Owner: admin
--

SELECT pg_catalog.setval('public.django_content_type_id_seq', 11, true);


--
-- Name: django_migrations_id_seq; Type: SEQUENCE SET; Schema: public; Owner: admin
--

SELECT pg_catalog.setval('public.django_migrations_id_seq', 24, true);


--
-- Name: users_emailverification_id_seq; Type: SEQUENCE SET; Schema: public; Owner: admin
--

SELECT pg_catalog.setval('public.users_emailverification_id_seq', 2, true);


--
-- Name: users_requestmatchverification_id_seq; Type: SEQUENCE SET; Schema: public; Owner: admin
--

SELECT pg_catalog.setval('public.users_requestmatchverification_id_seq', 10, true);


--
-- Name: users_user_groups_id_seq; Type: SEQUENCE SET; Schema: public; Owner: admin
--

SELECT pg_catalog.setval('public.users_user_groups_id_seq', 1, false);


--
-- Name: users_user_id_seq; Type: SEQUENCE SET; Schema: public; Owner: admin
--

SELECT pg_catalog.setval('public.users_user_id_seq', 5, true);


--
-- Name: users_user_user_permissions_id_seq; Type: SEQUENCE SET; Schema: public; Owner: admin
--

SELECT pg_catalog.setval('public.users_user_user_permissions_id_seq', 1, false);


--
-- Name: users_usermatchcreate_id_seq; Type: SEQUENCE SET; Schema: public; Owner: admin
--

SELECT pg_catalog.setval('public.users_usermatchcreate_id_seq', 4, true);


--
-- Name: wish_wish_id_seq; Type: SEQUENCE SET; Schema: public; Owner: admin
--

SELECT pg_catalog.setval('public.wish_wish_id_seq', 31, true);


--
-- Name: auth_group auth_group_name_key; Type: CONSTRAINT; Schema: public; Owner: admin
--

ALTER TABLE ONLY public.auth_group
    ADD CONSTRAINT auth_group_name_key UNIQUE (name);


--
-- Name: auth_group_permissions auth_group_permissions_group_id_permission_id_0cd325b0_uniq; Type: CONSTRAINT; Schema: public; Owner: admin
--

ALTER TABLE ONLY public.auth_group_permissions
    ADD CONSTRAINT auth_group_permissions_group_id_permission_id_0cd325b0_uniq UNIQUE (group_id, permission_id);


--
-- Name: auth_group_permissions auth_group_permissions_pkey; Type: CONSTRAINT; Schema: public; Owner: admin
--

ALTER TABLE ONLY public.auth_group_permissions
    ADD CONSTRAINT auth_group_permissions_pkey PRIMARY KEY (id);


--
-- Name: auth_group auth_group_pkey; Type: CONSTRAINT; Schema: public; Owner: admin
--

ALTER TABLE ONLY public.auth_group
    ADD CONSTRAINT auth_group_pkey PRIMARY KEY (id);


--
-- Name: auth_permission auth_permission_content_type_id_codename_01ab375a_uniq; Type: CONSTRAINT; Schema: public; Owner: admin
--

ALTER TABLE ONLY public.auth_permission
    ADD CONSTRAINT auth_permission_content_type_id_codename_01ab375a_uniq UNIQUE (content_type_id, codename);


--
-- Name: auth_permission auth_permission_pkey; Type: CONSTRAINT; Schema: public; Owner: admin
--

ALTER TABLE ONLY public.auth_permission
    ADD CONSTRAINT auth_permission_pkey PRIMARY KEY (id);


--
-- Name: django_admin_log django_admin_log_pkey; Type: CONSTRAINT; Schema: public; Owner: admin
--

ALTER TABLE ONLY public.django_admin_log
    ADD CONSTRAINT django_admin_log_pkey PRIMARY KEY (id);


--
-- Name: django_content_type django_content_type_app_label_model_76bd3d3b_uniq; Type: CONSTRAINT; Schema: public; Owner: admin
--

ALTER TABLE ONLY public.django_content_type
    ADD CONSTRAINT django_content_type_app_label_model_76bd3d3b_uniq UNIQUE (app_label, model);


--
-- Name: django_content_type django_content_type_pkey; Type: CONSTRAINT; Schema: public; Owner: admin
--

ALTER TABLE ONLY public.django_content_type
    ADD CONSTRAINT django_content_type_pkey PRIMARY KEY (id);


--
-- Name: django_migrations django_migrations_pkey; Type: CONSTRAINT; Schema: public; Owner: admin
--

ALTER TABLE ONLY public.django_migrations
    ADD CONSTRAINT django_migrations_pkey PRIMARY KEY (id);


--
-- Name: django_session django_session_pkey; Type: CONSTRAINT; Schema: public; Owner: admin
--

ALTER TABLE ONLY public.django_session
    ADD CONSTRAINT django_session_pkey PRIMARY KEY (session_key);


--
-- Name: users_emailverification users_emailverification_code_key; Type: CONSTRAINT; Schema: public; Owner: admin
--

ALTER TABLE ONLY public.users_emailverification
    ADD CONSTRAINT users_emailverification_code_key UNIQUE (code);


--
-- Name: users_emailverification users_emailverification_pkey; Type: CONSTRAINT; Schema: public; Owner: admin
--

ALTER TABLE ONLY public.users_emailverification
    ADD CONSTRAINT users_emailverification_pkey PRIMARY KEY (id);


--
-- Name: users_requestmatchverification users_requestmatchverification_code_key; Type: CONSTRAINT; Schema: public; Owner: admin
--

ALTER TABLE ONLY public.users_requestmatchverification
    ADD CONSTRAINT users_requestmatchverification_code_key UNIQUE (code);


--
-- Name: users_requestmatchverification users_requestmatchverification_pkey; Type: CONSTRAINT; Schema: public; Owner: admin
--

ALTER TABLE ONLY public.users_requestmatchverification
    ADD CONSTRAINT users_requestmatchverification_pkey PRIMARY KEY (id);


--
-- Name: users_user users_user_email_key; Type: CONSTRAINT; Schema: public; Owner: admin
--

ALTER TABLE ONLY public.users_user
    ADD CONSTRAINT users_user_email_key UNIQUE (email);


--
-- Name: users_user_groups users_user_groups_pkey; Type: CONSTRAINT; Schema: public; Owner: admin
--

ALTER TABLE ONLY public.users_user_groups
    ADD CONSTRAINT users_user_groups_pkey PRIMARY KEY (id);


--
-- Name: users_user_groups users_user_groups_user_id_group_id_b88eab82_uniq; Type: CONSTRAINT; Schema: public; Owner: admin
--

ALTER TABLE ONLY public.users_user_groups
    ADD CONSTRAINT users_user_groups_user_id_group_id_b88eab82_uniq UNIQUE (user_id, group_id);


--
-- Name: users_user users_user_matched_user_id_key; Type: CONSTRAINT; Schema: public; Owner: admin
--

ALTER TABLE ONLY public.users_user
    ADD CONSTRAINT users_user_matched_user_id_key UNIQUE (matched_user_id);


--
-- Name: users_user users_user_pkey; Type: CONSTRAINT; Schema: public; Owner: admin
--

ALTER TABLE ONLY public.users_user
    ADD CONSTRAINT users_user_pkey PRIMARY KEY (id);


--
-- Name: users_user_user_permissions users_user_user_permissions_pkey; Type: CONSTRAINT; Schema: public; Owner: admin
--

ALTER TABLE ONLY public.users_user_user_permissions
    ADD CONSTRAINT users_user_user_permissions_pkey PRIMARY KEY (id);


--
-- Name: users_user_user_permissions users_user_user_permissions_user_id_permission_id_43338c45_uniq; Type: CONSTRAINT; Schema: public; Owner: admin
--

ALTER TABLE ONLY public.users_user_user_permissions
    ADD CONSTRAINT users_user_user_permissions_user_id_permission_id_43338c45_uniq UNIQUE (user_id, permission_id);


--
-- Name: users_user users_user_username_key; Type: CONSTRAINT; Schema: public; Owner: admin
--

ALTER TABLE ONLY public.users_user
    ADD CONSTRAINT users_user_username_key UNIQUE (username);


--
-- Name: users_usersmatches users_usermatchcreate_pkey; Type: CONSTRAINT; Schema: public; Owner: admin
--

ALTER TABLE ONLY public.users_usersmatches
    ADD CONSTRAINT users_usermatchcreate_pkey PRIMARY KEY (id);


--
-- Name: users_usersmatches users_usermatchcreate_user_main_id_user_reques_0ab761b2_uniq; Type: CONSTRAINT; Schema: public; Owner: admin
--

ALTER TABLE ONLY public.users_usersmatches
    ADD CONSTRAINT users_usermatchcreate_user_main_id_user_reques_0ab761b2_uniq UNIQUE (user_main_id, user_requested_id);


--
-- Name: wish_wish wish_wish_pkey; Type: CONSTRAINT; Schema: public; Owner: admin
--

ALTER TABLE ONLY public.wish_wish
    ADD CONSTRAINT wish_wish_pkey PRIMARY KEY (id);


--
-- Name: auth_group_name_a6ea08ec_like; Type: INDEX; Schema: public; Owner: admin
--

CREATE INDEX auth_group_name_a6ea08ec_like ON public.auth_group USING btree (name varchar_pattern_ops);


--
-- Name: auth_group_permissions_group_id_b120cbf9; Type: INDEX; Schema: public; Owner: admin
--

CREATE INDEX auth_group_permissions_group_id_b120cbf9 ON public.auth_group_permissions USING btree (group_id);


--
-- Name: auth_group_permissions_permission_id_84c5c92e; Type: INDEX; Schema: public; Owner: admin
--

CREATE INDEX auth_group_permissions_permission_id_84c5c92e ON public.auth_group_permissions USING btree (permission_id);


--
-- Name: auth_permission_content_type_id_2f476e4b; Type: INDEX; Schema: public; Owner: admin
--

CREATE INDEX auth_permission_content_type_id_2f476e4b ON public.auth_permission USING btree (content_type_id);


--
-- Name: django_admin_log_content_type_id_c4bce8eb; Type: INDEX; Schema: public; Owner: admin
--

CREATE INDEX django_admin_log_content_type_id_c4bce8eb ON public.django_admin_log USING btree (content_type_id);


--
-- Name: django_admin_log_user_id_c564eba6; Type: INDEX; Schema: public; Owner: admin
--

CREATE INDEX django_admin_log_user_id_c564eba6 ON public.django_admin_log USING btree (user_id);


--
-- Name: django_session_expire_date_a5c62663; Type: INDEX; Schema: public; Owner: admin
--

CREATE INDEX django_session_expire_date_a5c62663 ON public.django_session USING btree (expire_date);


--
-- Name: django_session_session_key_c0390e0f_like; Type: INDEX; Schema: public; Owner: admin
--

CREATE INDEX django_session_session_key_c0390e0f_like ON public.django_session USING btree (session_key varchar_pattern_ops);


--
-- Name: users_emailverification_user_id_77445bf4; Type: INDEX; Schema: public; Owner: admin
--

CREATE INDEX users_emailverification_user_id_77445bf4 ON public.users_emailverification USING btree (user_id);


--
-- Name: users_requestmatchverification_main_user_id_d222ac5a; Type: INDEX; Schema: public; Owner: admin
--

CREATE INDEX users_requestmatchverification_main_user_id_d222ac5a ON public.users_requestmatchverification USING btree (main_user_id);


--
-- Name: users_requestmatchverification_requested_user_id_650589a1; Type: INDEX; Schema: public; Owner: admin
--

CREATE INDEX users_requestmatchverification_requested_user_id_650589a1 ON public.users_requestmatchverification USING btree (requested_user_id);


--
-- Name: users_user_email_243f6e77_like; Type: INDEX; Schema: public; Owner: admin
--

CREATE INDEX users_user_email_243f6e77_like ON public.users_user USING btree (email varchar_pattern_ops);


--
-- Name: users_user_groups_group_id_9afc8d0e; Type: INDEX; Schema: public; Owner: admin
--

CREATE INDEX users_user_groups_group_id_9afc8d0e ON public.users_user_groups USING btree (group_id);


--
-- Name: users_user_groups_user_id_5f6f5a90; Type: INDEX; Schema: public; Owner: admin
--

CREATE INDEX users_user_groups_user_id_5f6f5a90 ON public.users_user_groups USING btree (user_id);


--
-- Name: users_user_user_permissions_permission_id_0b93982e; Type: INDEX; Schema: public; Owner: admin
--

CREATE INDEX users_user_user_permissions_permission_id_0b93982e ON public.users_user_user_permissions USING btree (permission_id);


--
-- Name: users_user_user_permissions_user_id_20aca447; Type: INDEX; Schema: public; Owner: admin
--

CREATE INDEX users_user_user_permissions_user_id_20aca447 ON public.users_user_user_permissions USING btree (user_id);


--
-- Name: users_user_username_06e46fe6_like; Type: INDEX; Schema: public; Owner: admin
--

CREATE INDEX users_user_username_06e46fe6_like ON public.users_user USING btree (username varchar_pattern_ops);


--
-- Name: users_usermatchcreate_user_main_id_96060aab; Type: INDEX; Schema: public; Owner: admin
--

CREATE INDEX users_usermatchcreate_user_main_id_96060aab ON public.users_usersmatches USING btree (user_main_id);


--
-- Name: users_usermatchcreate_user_requested_id_00cadc02; Type: INDEX; Schema: public; Owner: admin
--

CREATE INDEX users_usermatchcreate_user_requested_id_00cadc02 ON public.users_usersmatches USING btree (user_requested_id);


--
-- Name: wish_wish_user_id_81102346; Type: INDEX; Schema: public; Owner: admin
--

CREATE INDEX wish_wish_user_id_81102346 ON public.wish_wish USING btree (user_id);


--
-- Name: auth_group_permissions auth_group_permissio_permission_id_84c5c92e_fk_auth_perm; Type: FK CONSTRAINT; Schema: public; Owner: admin
--

ALTER TABLE ONLY public.auth_group_permissions
    ADD CONSTRAINT auth_group_permissio_permission_id_84c5c92e_fk_auth_perm FOREIGN KEY (permission_id) REFERENCES public.auth_permission(id) DEFERRABLE INITIALLY DEFERRED;


--
-- Name: auth_group_permissions auth_group_permissions_group_id_b120cbf9_fk_auth_group_id; Type: FK CONSTRAINT; Schema: public; Owner: admin
--

ALTER TABLE ONLY public.auth_group_permissions
    ADD CONSTRAINT auth_group_permissions_group_id_b120cbf9_fk_auth_group_id FOREIGN KEY (group_id) REFERENCES public.auth_group(id) DEFERRABLE INITIALLY DEFERRED;


--
-- Name: auth_permission auth_permission_content_type_id_2f476e4b_fk_django_co; Type: FK CONSTRAINT; Schema: public; Owner: admin
--

ALTER TABLE ONLY public.auth_permission
    ADD CONSTRAINT auth_permission_content_type_id_2f476e4b_fk_django_co FOREIGN KEY (content_type_id) REFERENCES public.django_content_type(id) DEFERRABLE INITIALLY DEFERRED;


--
-- Name: django_admin_log django_admin_log_content_type_id_c4bce8eb_fk_django_co; Type: FK CONSTRAINT; Schema: public; Owner: admin
--

ALTER TABLE ONLY public.django_admin_log
    ADD CONSTRAINT django_admin_log_content_type_id_c4bce8eb_fk_django_co FOREIGN KEY (content_type_id) REFERENCES public.django_content_type(id) DEFERRABLE INITIALLY DEFERRED;


--
-- Name: django_admin_log django_admin_log_user_id_c564eba6_fk_users_user_id; Type: FK CONSTRAINT; Schema: public; Owner: admin
--

ALTER TABLE ONLY public.django_admin_log
    ADD CONSTRAINT django_admin_log_user_id_c564eba6_fk_users_user_id FOREIGN KEY (user_id) REFERENCES public.users_user(id) DEFERRABLE INITIALLY DEFERRED;


--
-- Name: users_emailverification users_emailverification_user_id_77445bf4_fk_users_user_id; Type: FK CONSTRAINT; Schema: public; Owner: admin
--

ALTER TABLE ONLY public.users_emailverification
    ADD CONSTRAINT users_emailverification_user_id_77445bf4_fk_users_user_id FOREIGN KEY (user_id) REFERENCES public.users_user(id) DEFERRABLE INITIALLY DEFERRED;


--
-- Name: users_requestmatchverification users_requestmatchve_main_user_id_d222ac5a_fk_users_use; Type: FK CONSTRAINT; Schema: public; Owner: admin
--

ALTER TABLE ONLY public.users_requestmatchverification
    ADD CONSTRAINT users_requestmatchve_main_user_id_d222ac5a_fk_users_use FOREIGN KEY (main_user_id) REFERENCES public.users_user(id) DEFERRABLE INITIALLY DEFERRED;


--
-- Name: users_requestmatchverification users_requestmatchve_requested_user_id_650589a1_fk_users_use; Type: FK CONSTRAINT; Schema: public; Owner: admin
--

ALTER TABLE ONLY public.users_requestmatchverification
    ADD CONSTRAINT users_requestmatchve_requested_user_id_650589a1_fk_users_use FOREIGN KEY (requested_user_id) REFERENCES public.users_user(id) DEFERRABLE INITIALLY DEFERRED;


--
-- Name: users_user_groups users_user_groups_group_id_9afc8d0e_fk_auth_group_id; Type: FK CONSTRAINT; Schema: public; Owner: admin
--

ALTER TABLE ONLY public.users_user_groups
    ADD CONSTRAINT users_user_groups_group_id_9afc8d0e_fk_auth_group_id FOREIGN KEY (group_id) REFERENCES public.auth_group(id) DEFERRABLE INITIALLY DEFERRED;


--
-- Name: users_user_groups users_user_groups_user_id_5f6f5a90_fk_users_user_id; Type: FK CONSTRAINT; Schema: public; Owner: admin
--

ALTER TABLE ONLY public.users_user_groups
    ADD CONSTRAINT users_user_groups_user_id_5f6f5a90_fk_users_user_id FOREIGN KEY (user_id) REFERENCES public.users_user(id) DEFERRABLE INITIALLY DEFERRED;


--
-- Name: users_user users_user_matched_user_id_332929b5_fk_users_user_id; Type: FK CONSTRAINT; Schema: public; Owner: admin
--

ALTER TABLE ONLY public.users_user
    ADD CONSTRAINT users_user_matched_user_id_332929b5_fk_users_user_id FOREIGN KEY (matched_user_id) REFERENCES public.users_user(id) DEFERRABLE INITIALLY DEFERRED;


--
-- Name: users_user_user_permissions users_user_user_perm_permission_id_0b93982e_fk_auth_perm; Type: FK CONSTRAINT; Schema: public; Owner: admin
--

ALTER TABLE ONLY public.users_user_user_permissions
    ADD CONSTRAINT users_user_user_perm_permission_id_0b93982e_fk_auth_perm FOREIGN KEY (permission_id) REFERENCES public.auth_permission(id) DEFERRABLE INITIALLY DEFERRED;


--
-- Name: users_user_user_permissions users_user_user_permissions_user_id_20aca447_fk_users_user_id; Type: FK CONSTRAINT; Schema: public; Owner: admin
--

ALTER TABLE ONLY public.users_user_user_permissions
    ADD CONSTRAINT users_user_user_permissions_user_id_20aca447_fk_users_user_id FOREIGN KEY (user_id) REFERENCES public.users_user(id) DEFERRABLE INITIALLY DEFERRED;


--
-- Name: users_usersmatches users_usermatchcreat_user_requested_id_00cadc02_fk_users_use; Type: FK CONSTRAINT; Schema: public; Owner: admin
--

ALTER TABLE ONLY public.users_usersmatches
    ADD CONSTRAINT users_usermatchcreat_user_requested_id_00cadc02_fk_users_use FOREIGN KEY (user_requested_id) REFERENCES public.users_user(id) DEFERRABLE INITIALLY DEFERRED;


--
-- Name: users_usersmatches users_usermatchcreate_user_main_id_96060aab_fk_users_user_id; Type: FK CONSTRAINT; Schema: public; Owner: admin
--

ALTER TABLE ONLY public.users_usersmatches
    ADD CONSTRAINT users_usermatchcreate_user_main_id_96060aab_fk_users_user_id FOREIGN KEY (user_main_id) REFERENCES public.users_user(id) DEFERRABLE INITIALLY DEFERRED;


--
-- Name: wish_wish wish_wish_user_id_81102346_fk_users_user_id; Type: FK CONSTRAINT; Schema: public; Owner: admin
--

ALTER TABLE ONLY public.wish_wish
    ADD CONSTRAINT wish_wish_user_id_81102346_fk_users_user_id FOREIGN KEY (user_id) REFERENCES public.users_user(id) DEFERRABLE INITIALLY DEFERRED;


--
-- PostgreSQL database dump complete
--

